label,text
ham,Meet me at the library at 1
spam,Win a free cash prize now code 100
ham,The class starts tomorrow at 2
spam,Claim your exclusive reward today code 101
ham,Please bring your notebook at 3
spam,Urgent lottery winner call now code 102
ham,Dinner is ready at home at 4
spam,Free bonus offer click to claim code 103
ham,We will travel on Friday at 5
spam,Congratulations collect your cash reward code 104
ham,Can you send the lecture notes at 6
spam,Limited prize deal reply now code 105
ham,Meet me at the library at 7
spam,Win a free cash prize now code 106
ham,The class starts tomorrow at 8
spam,Claim your exclusive reward today code 107
ham,Please bring your notebook at 9
spam,Urgent lottery winner call now code 108
ham,Dinner is ready at home at 10
spam,Free bonus offer click to claim code 109
ham,We will travel on Friday at 11
spam,Congratulations collect your cash reward code 110
ham,Can you send the lecture notes at 12
spam,Limited prize deal reply now code 111
ham,Meet me at the library at 13
spam,Win a free cash prize now code 112
ham,The class starts tomorrow at 14
spam,Claim your exclusive reward today code 113
ham,Please bring your notebook at 15
spam,Urgent lottery winner call now code 114
ham,Dinner is ready at home at 16
spam,Free bonus offer click to claim code 115
ham,We will travel on Friday at 17
spam,Congratulations collect your cash reward code 116
ham,Can you send the lecture notes at 18
spam,Limited prize deal reply now code 117
ham,Meet me at the library at 19
spam,Win a free cash prize now code 118
ham,The class starts tomorrow at 20
spam,Claim your exclusive reward today code 119
ham,Please bring your notebook at 21
spam,Urgent lottery winner call now code 120
ham,Dinner is ready at home at 22
spam,Free bonus offer click to claim code 121
ham,We will travel on Friday at 23
spam,Congratulations collect your cash reward code 122
ham,Can you send the lecture notes at 24
spam,Limited prize deal reply now code 123
ham,Meet me at the library at 25
spam,Win a free cash prize now code 124
ham,The class starts tomorrow at 26
spam,Claim your exclusive reward today code 125
ham,Please bring your notebook at 27
spam,Urgent lottery winner call now code 126
ham,Dinner is ready at home at 28
spam,Free bonus offer click to claim code 127
ham,We will travel on Friday at 29
spam,Congratulations collect your cash reward code 128
ham,Can you send the lecture notes at 30
spam,Limited prize deal reply now code 129
